customer_id,p_churn_1q,at_risk_revenue_1q,p_churn_2q,at_risk_revenue_2q,p_churn_4q,at_risk_revenue_4q,name,top_skus_12m,p_major_decline
105134,0.0007811418198853133,,0.9393857678994022,,0.9918195682289056,,,201790,0.8738726171471626
104786,0.94426441733554,,0.9616370819339034,,0.9887707778360305,,,201230,0.931817901526613
101720,0.9686259111381467,,0.9100520979342251,,0.9883526797113902,,,200851-A,0.9531031191048106
105045,0.0006216455822773898,,0.9669602524329645,,0.9821832279538115,,,201446,0.8427218588099215
101617,0.0006449097759649123,,0.9476184469705028,,0.9819696589673362,,,200409,0.9292277650273085
105079,0.000703086344242433,,0.9584256494371144,,0.9799185924892367,,,201147,0.7802243869045813
105117,0.0008370798610002413,,0.8183061995122469,,0.9773069379960991,,,200802-A,0.8820386133054522
101855,0.9862847396237577,,0.9731767792350612,,0.9772125656781311,,,201451,0.8902811175341271
104766,0.941864451185289,,0.8097232365568606,,0.9758538204375287,,,205690-A,0.9343025282079312
101614,0.0005500017046967955,,0.9497851919502419,,0.9752217567994274,,,205345-A,0.9114639040494394
104929,0.9587939166261992,,0.9457582808954047,,0.9731229777279646,,,201851-A,0.8454590831176123
102645,0.0006812619618203709,,0.6425431745877833,,0.9700151641815505,,,201352-B,0.8408332988560535
105072,0.000975592193974444,,0.7874187136663726,,0.9684508143920619,,,203076-A,0.8600441188268175
102635,0.9748095296635477,,0.9712972833849981,,0.9659214533615823,,,201790,0.8043534092892689
100805,0.9664651890866592,,0.9627582604021567,,0.9653109883475455,,,201430,0.8497021946395696
101603,0.0011830410884672601,,0.6587302982544034,,0.9651614825293323,,,205183,0.7654148950788735
105062,0.0008379161265658368,,0.8865789686225083,,0.9619432376106873,,,201166-B,0.8358838022471126
105044,0.0006432732074174631,,0.8666453410317104,,0.9614990590898602,,,200906,0.7807035154780074
101736,0.9072489306862151,,0.9422283517522962,,0.9610845304065161,,,205345-A,0.9327011146991323
105132,0.0008149086997973465,,0.9100295457613563,,0.9601508453378775,,,300113,0.8694383573505726
104676,0.9889782180357422,,0.8560221020800404,,0.9590952440055001,,,201389,0.7771504782025161
105030,0.9902746806227734,,0.8295084359580407,,0.9589879598734354,,,201389,0.7497339720826396
105055,0.0009415859447296869,,0.9331690249641975,,0.9588733355488744,,,201141,0.7906762328209421
104931,0.9603786694253909,,0.9563689479931374,,0.9566955678090604,,,200957-F,0.9180373799614531
101527,0.9819332511002078,,0.891643475394001,,0.9559821503744085,,,201230,0.8004902746274876
103753,0.47036903358532384,,0.40840614268441777,,0.95532218341959,,,201146,0.7626961715276835
100873,0.920462572747216,,0.7689973055832808,,0.9547585745935683,,,201915,0.8423477252842217
101752,0.9399264970558223,,0.9239158233187843,,0.9483413146231744,,,200372,0.9493496644882297
101722,0.9085358567130716,,0.8234169423113289,,0.944581402632114,,,200802,0.7609671058035921
104981,0.9517037671834774,,0.8662946662714571,,0.9438182876307674,,,200372-A,0.969579467666442
103293,0.0006559781213506605,,0.8932808151555556,,0.9436567671465379,,,205999,0.6742581092159148
102401,0.7388766948408265,,0.7202432192550452,,0.9419802442351913,,,201792,0.8828310539430226
100819,0.9875585619776861,,0.9012561322407038,,0.9413122541897321,,,201895-E,0.8205956514496232
101975,0.9025078360986301,,0.7164708836374424,,0.9409578458558736,,,"200372,200364",0.8545414873640952
104974,0.0005663993794540574,,0.8724734512213355,,0.9408450513183815,,,201168,0.8099303500763414
104660,0.938291682117164,,0.830502411239925,,0.9383713747272873,,,204784-A,0.9373856666446287
104458,0.0008286552216920895,,0.8722365950661731,,0.9379308481110278,,,200292,0.7806228510497293
101592,0.9753681489860503,,0.9441372243360362,,0.9373248822875015,,,201147-C,0.9166831567396015
104932,0.9651742914378593,,0.9166075930915666,,0.9361645731015525,,,201133,0.8232804696175694
104815,0.9581655062878405,,0.9197039598135632,,0.9350762788820868,,,200372-A,0.9581760769754163
101766,0.0010452374605582956,,0.8261833952332854,,0.9341841876139537,,,204316,0.8803639124042223
101244,0.967164521096506,,0.9427226166427118,,0.9335780212314458,,,204702-A,0.9427655602164784
104744,0.957185064975877,,0.9189151306603947,,0.9321745103098272,,,205723,0.8350345681954024
102951,0.96028979865655,,0.8731104219980941,,0.9320703163171791,,,201389,0.7985097780211636
100828,0.9297988784926314,,0.7770116262186649,,0.9319397913016152,,,202427,0.8723326244992321
100993,0.0005340165309413784,,0.7892167740735123,,0.93071967066723,,,201396,0.7740865292962819
100894,0.6139713576255691,,0.7651646496539033,,0.9256785033126231,,,201390,0.6764890754614341
101388,0.9577529139761651,,0.9557900038845216,,0.9255962128647193,,,"201896,204720",0.9167072524180656
101125,0.7269892293564253,,0.811909271503568,,0.9246945094293729,,,10000413,0.8775146676856775
102184,0.00010955420789935939,,0.6386585913620124,,0.9244487734875309,,,"201208-B,200802-C",0.7788580534301547
101078,0.0006859865978026483,,0.7648500530845611,,0.9242314659069465,,,200779,0.8181813795754423
103513,0.8990966277066734,,0.8932154014350421,,0.9238859326170074,,,201888,0.845942854447499
104602,0.9828847588905719,,0.879251790065056,,0.9236072717243541,,,206002,0.9365833576114624
102586,0.9908533729986552,,0.9753153425935259,,0.9198499365084167,,,201794,0.8357599415188065
104783,0.9685164031656961,,0.9132809969549486,,0.9185565330873341,,,201398,0.8551416226003917
104083,0.8805428705600968,,0.8800769016185039,,0.918440872578779,,,200360-B,0.7812201471432836
102908,0.9701988192094143,,0.8577704570425891,,0.9163695170543361,,,201856-B,0.9225636232090889
103543,0.9746249927744856,,0.9495430768133083,,0.9161956363956307,,,200809,0.8266441565174003
105000,0.985655664586659,,0.9395069280150664,,0.9146827547023607,,,201175,0.7380779963361964
101481,0.0007772264912055425,,0.400138431549149,,0.9139581269153193,,,"201246,201285",0.8004886303758995
101664,0.9695288431773886,,0.9451577716623198,,0.9130683250802277,,,200906,0.8917841186874333
104771,0.986506466405718,,0.9230797203358233,,0.9128317394173814,,,201162,0.7767422982342211
105103,0.0007037493293410429,,0.9763454402481976,,0.9118615950430303,,,200955,0.7160526413422978
104924,0.0004899411143616876,,0.6929405845883092,,0.9113669016928174,,,201426-F,0.8725465484831314
104479,0.8844774327934635,,0.8296426823808396,,0.9103824145329336,,,204668,0.7312246689288943
104907,0.10803904941932552,,0.47137269257725567,,0.9098236820769475,,,201881-D,0.7432226352580255
104835,0.9912481692196856,,0.8981530383090095,,0.9092314828634359,,,200888,0.7924363429670348
101567,0.8570169159339966,,0.8021802240203608,,0.9080908109360539,,,201878,0.8342586134113806
103278,0.9682029371558406,,0.8917846403864481,,0.9076737287696245,,,201141,0.7928988206874833
103239,0.9222441677987983,,0.7785928219335868,,0.9063892755731194,,,201032,0.8699328029969251
104933,0.0013269235452848139,,0.7745031664771544,,0.9049989135555597,,,206057,0.8373966128925893
105020,0.0007534832848505962,,0.8654429777653679,,0.9034682179779829,,,204355,0.7292304118170984
101444,0.8591513454839312,,0.8090783227249089,,0.9029267213213545,,,201443-B,0.49079483648145034
102441,0.5169252237967252,,0.47228925782639125,,0.9020580395473178,,,201885-F,0.7652142607619234
104177,0.9246078613717456,,0.6871679090675079,,0.9010983272646894,,,200884,0.7839107748805733
101227,0.0006438426088172487,,0.8852104970100454,,0.8992787232195104,,,201897-E,0.8195740521161934
103404,0.9715929911207247,,0.9137590473691858,,0.8974741808154234,,,201168,0.7732543324769164
103078,0.0008199924002575281,,0.9048984810025028,,0.8963605466118527,,,201410-A,0.8469195307064
103406,0.9081779348519661,,0.9413490994844798,,0.8960722289788227,,,201272-01,0.8582726256677038
103859,0.0007887659423111562,,0.7915706775257991,,0.8942808278216073,,,201026,0.8737809477656838
102237,0.9736873470732328,,0.843153968647146,,0.8941985564159649,,,201246,0.7887951931779049
103634,0.9695618040532309,,0.9021777422557264,,0.8939026120088894,,,"204299-D,204235-C",0.8165017540744783
105083,0.0006048910992145838,,0.9114566915672434,,0.8927150153551343,,,201856,0.8748918750247517
103252,0.0008073364901178607,,0.8979886963322775,,0.8925524026517219,,,201263,0.8127762269484631
104759,0.9717366469019616,,0.9229699620095512,,0.8919368963537732,,,200891,0.8069566988138045
103267,0.0007545537836839406,,0.47455703657896386,,0.8901992005436102,,,200369,0.7313275778837408
103768,0.9327330772092197,,0.838895264194103,,0.8897657848993522,,,204616,0.858506766744708
100897,0.0010780085026100743,,0.9393422346767051,,0.8895119557348228,,,201175,0.7684989572528097
103526,0.9480463212551312,,0.9366465489067746,,0.8893711109874194,,,200949,0.9304248647085933
102974,0.9570570397128232,,0.8166626293501923,,0.889034742583269,,,200873,0.7863833788298066
104986,0.9802326259746349,,0.903075275631456,,0.8855429617124547,,,10000155-A,0.8156776293985578
103032,0.9134448651486522,,0.8652648196394915,,0.8855403407943109,,,201263,0.850692535802828
102775,0.9715931419362185,,0.9367683059351618,,0.8852977416156467,,,200957-C,0.788115835046753
105013,0.8941291094121928,,0.7201105669014913,,0.8851409325272608,,,201171-B,0.8272486119381506
105012,0.9731542550747063,,0.9476624610246466,,0.8840062150587588,,,201451,0.8669714246798147
104749,0.9377456964375473,,0.9316645559590548,,0.8834223528151548,,,201957-A,0.9134076834985576
104900,0.921963295612632,,0.9314220469213318,,0.8820351379845773,,,201461-B,0.8646517807535647
103605,0.000918221229470543,,0.8907804353595831,,0.8796360604354642,,,204641,0.8654071814585602
101436,0.0006859865978026483,,0.8554332680216139,,0.877829798551296,,,206066,0.8696730252343184
102764,0.9845020757928131,,0.8354616187334407,,0.8770843458252636,,,204641,0.8179300123135426
101723,0.8259015768149033,,0.8539632214442707,,0.8760304106487506,,,201459-C,0.8196508366503533
105080,0.0008073364901178607,,0.8998964486114522,,0.8756650792261382,,,201263,0.8094907972439109
101042,0.000675976456387813,,0.891364789456798,,0.8753776101784949,,,200809,0.665583720812203
102644,0.9834478941836339,,0.9263183198456792,,0.8746212696691834,,,"205309,205311",0.8664795344966998
104108,0.0007881828746910874,,0.8750320241630984,,0.8705118428259095,,,204554,0.8088796047014645
101625,0.939398193159999,,0.8485348307821503,,0.870161003988729,,,200888,0.7986225638300246
101819,0.9133139892674619,,0.8891134140282552,,0.8681778005664391,,,201922,0.7618944586970097
104894,0.9461617644034108,,0.8139020318240925,,0.8676200674470455,,,200369,0.4620849265502584
103208,0.0005250561223646983,,0.7753458173492914,,0.8673218193426394,,,202427,0.834184839528215
100945,0.9252561389860157,,0.9144753042040953,,0.8672527590170911,,,201880-A,0.7555148172861809
100909,0.7619081537252588,,0.7309005803872879,,0.8625399217137025,,,204554-B,0.7679495567268001
101474,0.9395121868482043,,0.7913357681837007,,0.8623539445791024,,,201148,0.6746469237546445
100874,0.8550056814536556,,0.5807591983330056,,0.8611471917076631,,,201906,0.72405433341057
104869,0.0006394073729883309,,0.3482036489769905,,0.8608569695088658,,,"205617-B,10000318-B,10000343-B",0.58389152536253
102435,0.7733909400125841,,0.9049665096738503,,0.8601828521245442,,,201436,0.8547589011178839
104879,0.9252763849494647,,0.9341454869245943,,0.8598065122190464,,,206055,0.920342046376597
100817,0.00036337844075043867,,0.6394878340246292,,0.8593396244395889,,,201888,0.6034501528227152
104950,0.9438417388004542,,0.8878995805395459,,0.8583402514177564,,,201871-M,0.7615557573116059
104239,0.9382898010268699,,0.8068211586350077,,0.8582281969565155,,,204554,0.7394814210704247
104834,0.954295219253009,,0.9166532664815057,,0.8579685332975003,,,204181,0.9104085762014703
101176,0.8338890750441167,,0.8694606149907023,,0.8573865485537471,,,10000178-C,0.7917497936310807
101553,0.9176316476247004,,0.9538822171418814,,0.8569545995231601,,,201446,0.890455834928144
104867,0.9358615395201105,,0.9225656750895032,,0.8569231732982239,,,203084-A,0.9585601221996015
104503,0.9607859168311046,,0.8494101766487071,,0.8557456352397662,,,201895,0.6761695993288298
104948,0.9500222444744492,,0.925131719177064,,0.8546025070958975,,,201396,0.8143715884032285
104854,0.9038300612193093,,0.9368112599315158,,0.8542308550254664,,,"201389,201908",0.8936015547150167
103823,0.7345834950989268,,0.6838756993145746,,0.8533496571167147,,,204604-E,0.6346878771603853
104792,0.9588735674007081,,0.9066179478801771,,0.8528460494255071,,,201031,0.7342489994171136
101182,0.9495932766326699,,0.8003151281652323,,0.8526813754674117,,,201396,0.5761089758515745
104209,0.9370825373162324,,0.8790345296704145,,0.8524704781341568,,,200832-H,0.9140904230174951
101757,0.9320949025434785,,0.8786047819265008,,0.8522581139180223,,,201132,0.7845980680269837
101201,0.948012079368191,,0.8687769475126925,,0.8505048626268716,,,203014-D,0.9714121430682957
101445,0.0007223869102240931,,0.8591833071518638,,0.8499889943233405,,,200391,0.7777818788120473
104544,0.0005565205834575556,,0.8351012484851682,,0.849878962725349,,,204554-B,0.7510913197025592
103506,0.00082153137825326,,0.8598410821380984,,0.8495723644574649,,,10000178-C,0.45726428201831837
101362,0.7630311406667745,,0.8766714810200738,,0.8472395449086704,,,201792,0.6064674175027195
100843,0.0009846867443855985,,0.9172862366419818,,0.8462404187306413,,,200809,0.46238642876931474
102367,0.0005170456732466821,,0.6787978441281258,,0.8440764349405295,,,200957,0.7617095365660714
105089,0.0007070773096660833,,0.8805406074622336,,0.8440743755910252,,,200372-A,0.706711084989079
103995,0.9202292269189704,,0.8534747884384215,,0.8437987697924275,,,204047,0.7399377805127357
100972,0.0006869300180311145,,0.8643755409963222,,0.8437521832680098,,,"205712-A,205629-B",0.8117174554397139
104086,0.0006528873248410941,,0.718860938702216,,0.8437325449655135,,,201168,0.6853543096795148
103069,0.8913138999128162,,0.8005801639333525,,0.8410015440162608,,,201835-C,0.7341066470037722
103059,0.9536933137872002,,0.8314304920178351,,0.8408500394653483,,,200828,0.8749539756557686
102459,0.10931163017616398,,0.08714417805599001,,0.840424036374315,,,10000253-A,0.5418841683923168
104688,0.9696148534561959,,0.8952225264930842,,0.8402167469935676,,,201881-A,0.825205088236137
101706,0.9487487753550011,,0.8995339793980762,,0.8400994033501632,,,201157-A,0.8433963067688782
101649,0.9739383526999684,,0.9425544978093496,,0.8395580590197189,,,201395,0.8605342542046467
101212,0.8133854652652861,,0.8575049790398616,,0.8368518039880871,,,204554,0.867451730466828
103265,0.9573674915349203,,0.8868707329472477,,0.8364618970797891,,,201791,0.7926399449836579
103363,0.9652239528743827,,0.9450595833521288,,0.8336669919821937,,,201794,0.8010165807215637
101969,0.9443585143762716,,0.7733926516088973,,0.8312122514299628,,,201263,0.6860628108975747
104883,0.9666489454239281,,0.8777369328929658,,0.8305173814067996,,,201221,0.8254496914875462
102453,0.9497583698330233,,0.8757712099903424,,0.8305101664754403,,,204235-C,0.8297569726764953
100845,0.0006859865978026483,,0.8710534385114321,,0.8302342476459875,,,201221,0.8367187015364078
104938,0.9119989747015707,,0.8202016122016167,,0.8290225439991531,,,206059,0.8208668277885706
102314,0.9813815057463793,,0.9325027180727179,,0.82890088743064,,,204679,0.9481045568305191
101981,0.9464322051433137,,0.914953452547962,,0.8287367761471607,,,201397,0.7427103958749006
104937,0.9318819757307192,,0.8436278776562229,,0.8274459361818517,,,201816,0.8788060698419116
100829,0.9636711741210937,,0.8241278023559189,,0.8263685771069094,,,201265,0.844666727189741
101004,0.9496660507650178,,0.8752478158439633,,0.8236709123603261,,,201922,0.7531981538371362
101895,0.0007732447175368773,,0.8282246177961011,,0.8227149636195134,,,201206,0.8107462667160679
104368,0.00029501201333422266,,0.7263969520453565,,0.8225493194257528,,,203076-A,0.9382917332328394
101136,0.9260985549210463,,0.8721777052112161,,0.8222154942317653,,,201398,0.6677329767262123
100872,0.9118119888174688,,0.8653428341188936,,0.8197203475922477,,,200940,0.7846550112279679
101576,0.0036724799999887964,,0.8042072707869862,,0.8190602434680688,,,"201466-H,204217",0.6173809842472863
101055,0.9262914791038536,,0.9486469021677344,,0.8190353082922844,,,"205228-B,201389",0.9330920571370022
104810,0.9309321990064328,,0.8548875417733556,,0.8188514613605026,,,204336,0.6098543021579682
100861,0.8921780091027529,,0.4681761936752414,,0.8186094616246258,,,201994,0.35064173238211865
101811,0.0006229277982202656,,0.9130928053502521,,0.8172163275328422,,,201230,0.6779210953897503
101834,0.9765537715120699,,0.9162679137017162,,0.8154170752016153,,,201957-A,0.7522981112665981
104777,0.983844590563079,,0.9345266913108368,,0.8131776247854083,,,201941-J,0.7537876613223085
101265,0.9428942278763072,,0.9301098443187522,,0.8130451221160587,,,"201994-J,201398-H",0.8611619206356227
100953,0.8665711541942812,,0.7490559237703187,,0.8124577308735248,,,204235-D,0.6233809345855786
101025,0.885114358647036,,0.6619802571769705,,0.8115165110561766,,,201148,0.7668306840289335
102797,0.0007223869102240931,,0.8221349368483772,,0.8114866115795227,,,204478,0.7764221203592141
104194,0.9528473030849921,,0.8429196246614613,,0.8101161182354927,,,204641-A,0.6681422668774242
103958,0.000636561383644863,,0.9451153465206502,,0.8088004780725028,,,203081-C,0.7410149493376276
104662,0.6384797518778457,,0.5660372061678184,,0.806809606113692,,,201398,0.55521506619102
101309,0.9146241459844555,,0.9207419521221389,,0.8061036532318437,,,204240-A,0.9439407093233816
101813,0.9555404398474866,,0.8883284735415108,,0.8036244012369216,,,204662-B,0.858191200310691
104690,0.023250767569474758,,0.15824663619483592,,0.8034802382110087,,,201878,0.35114285279355223
103611,0.8785375729111382,,0.8160954061977199,,0.8032662702743032,,,204235,0.5530740204915047
103975,0.953912354938594,,0.7003911408825877,,0.8029831749746739,,,200836,0.5245672087656446
101215,0.9201119111616866,,0.7911193082047533,,0.8020391364592534,,,201882,0.722520868048188
104599,0.9552511629989686,,0.8120673578036532,,0.8020172084618687,,,201141,0.6539811669868496
104803,0.955822649907654,,0.8029355217724398,,0.7984230846874634,,,201791,0.7496275161257078
103377,0.9776840631886601,,0.9533026839945022,,0.7975040321734962,,,201924-I,0.7881317893762283
101838,0.949686586512872,,0.9164689357337168,,0.7974449613446206,,,204235,0.8129155189412953
104412,0.9775542335090489,,0.9318150946436414,,0.7964255944169084,,,201398,0.5936903843097698
104855,0.904746427200296,,0.8643347912235384,,0.7961572368517644,,,201398,0.6714546299192292
102437,0.9686485966887685,,0.9089888104024122,,0.7961572368517644,,,204235,0.741539219784062
100966,0.0009370762447756607,,0.8992150783435631,,0.7957470197806777,,,"201898-E,201171",0.8111077441521296
105070,0.0006784037243582551,,0.8677276077185011,,0.7956325874250194,,,201296,0.7687257163700101
103054,0.7458503093518881,,0.6680308285441183,,0.7903768085210642,,,201897-K,0.7547702496560017
101360,0.9884268796717222,,0.8365803876760975,,0.7894269926414174,,,10000155-A,0.7622486160765835
103956,0.9120588604358412,,0.9011301845926719,,0.7878791715586632,,,200372,0.6607807627802333
104812,0.9711259700572396,,0.8794703835833629,,0.7873467389087733,,,200960,0.8230810304078074
101400,0.0006868321222431634,,0.7497361826332367,,0.785890743088745,,,204414,0.4081945813046378
101421,0.0007072626389342566,,0.8494319936874476,,0.7847267622621545,,,201791,0.8272786953007375
101573,0.9234091479688316,,0.8574485768601924,,0.7842466473673856,,,201026,0.6235637039052405
103230,0.8956476964317671,,0.7177795346974642,,0.7842275820031934,,,202084-C,0.6224861397017046
100948,0.9775597861546006,,0.9168676795013222,,0.7828456672672999,,,300115,0.7108165369311362
101079,0.7173343168543646,,0.8047452898204048,,0.7801477091523787,,,200511,0.5908316335220152
102207,0.0006784037243582551,,0.8442070814804866,,0.7761053711484462,,,201834-B,0.7808011669428446
103142,0.3236909830676392,,0.41478152653091693,,0.7731300191486762,,,"200420,200437",0.7184733012464946
101883,0.0005160014355377817,,0.7233253863394032,,0.7723512930292781,,,201396,0.7834276378983644
101118,0.8826719036718591,,0.743533829751539,,0.7717708524688527,,,"200893,201172",0.8410683509070058
101267,0.845518059455165,,0.8163166891361571,,0.7715344401158879,,,202975,0.6786593471236555
101184,0.766595528339338,,0.4039979892773354,,0.7708841649305576,,,"200874,201230",0.30849014523667123
101344,0.9784331611115114,,0.9598827769983086,,0.7708561298157276,,,201130,0.9192317906404461
104800,0.9815584757194745,,0.8087849114868342,,0.7706011688555768,,,300143,0.6737344429033456
101662,0.809370858447112,,0.703254600368765,,0.7701924341758334,,,201906-G,0.8713353318087997
101101,0.0009059714191510205,,0.3521709015432895,,0.769853782447381,,,"203084-A,200870-D",0.6393742238973846
100906,0.0006094741756137587,,0.8565080254388459,,0.7680570085189018,,,"201948-A,200372",0.7784312671464313
101891,0.9408811828882813,,0.90561843053502,,0.7676426947633327,,,200874,0.8476953629874856
101243,0.0006784037243582551,,0.8984927514033315,,0.7659567249400702,,,201145-A,0.7695215719498487
101547,0.2857765209123247,,0.3071023453301903,,0.7657669355784934,,,200369-C,0.7392135989240464
104826,0.9690958632978132,,0.8679656697138198,,0.765059608258612,,,204540,0.5648709082746105
101013,0.9497475119264592,,0.9135783726498267,,0.7648834820009447,,,201912,0.9031247249413507
101424,0.0008813953502716422,,0.6964799372351981,,0.7618464705988232,,,201263-A,0.8381112148946424
101331,0.6829841411439178,,0.6100007744338813,,0.7582771832025114,,,201386-B,0.5593618796164184
101475,0.9151674120533069,,0.8453319043580504,,0.7571547207630253,,,202112,0.5850599370675439
101943,0.0006784037243582551,,0.8224878587137009,,0.755114601181572,,,201430,0.5292587159237293
101258,0.8815615870262907,,0.8578092722435817,,0.7544915581429767,,,200851,0.6894444339112299
101236,0.9237062848481976,,0.9023312663873965,,0.7542784364249673,,,201140,0.8252764410495852
102221,0.0007459310349940769,,0.7977241517413022,,0.7534193509066819,,,201792,0.7476362986180562
100970,0.6818822840175186,,0.4488343782176764,,0.7524201450049567,,,201132,0.47938730411551794
104866,0.9597480526394301,,0.8864344060477786,,0.751498771051155,,,201871,0.7238716532047368
102905,0.000613554701012168,44.17593823808868,0.17537274093934935,25253.674561047428,0.7511046374137915,216318.1344254788,,205183,0.8956859406840246
101319,0.9487431944806636,,0.8689480041911279,,0.7442839016033588,,,205228-C,0.657020943288462
101572,0.9773988851047014,,0.6572466475647188,,0.7366222187490514,,,"204641-A,204641",0.7155914750698427
100939,0.9340722057721518,,0.9120070768604678,,0.7344464593794507,,,204381,0.8532231542956086
104970,0.9219940665904817,,0.6599882556250484,,0.7311334893536817,,,200369,0.549511790619355
104829,0.9121058752351172,,0.8051109368144462,,0.7297110423461775,,,200360,0.7175897057271488
102711,0.9269201612997983,,0.847997050103688,,0.7282955435290719,,,200905,0.6895813367596764
101701,0.7735527761426112,,0.47427164038838326,,0.7259945477431096,,,203105,0.5581766748603123
101869,0.695466958330798,,0.630384434255758,,0.7254419371498885,,,205693-A,0.376993571762129
101242,0.9014425083583869,,0.6919454421858967,,0.7163602004012579,,,"204554-C,201390,201390-F",0.7896712353535424
101312,0.7368067882824876,,0.39658389260098403,,0.712821613519539,,,201397,0.7027066517785356
103216,0.0007595132893775337,,0.822731426965179,,0.7109171879310231,,,"201941,201461",0.8784458847222382
101153,0.07257035691474938,,0.16029249765529063,,0.705785992937247,,,201898-G,0.5468240156257826
101195,0.9166181182918122,,0.7682579985253475,,0.6992896080958052,,,"200511,201147",0.7560735957225332
103725,0.0004934298986097051,,0.6670973092932344,,0.6942032309405113,,,201398,0.4695206643352805
101651,0.7803664221009304,,0.6530052355824101,,0.6878450693170319,,,200372-A,0.5073216553597566
104839,0.9556517790395799,,0.8417573858942203,,0.6816724370663315,,,"201459-I,201389-A",0.6127323191592088
101124,7.389733110234266e-05,,0.6650926173566339,,0.6804553403911545,,,"201143,201138",0.27030779220587997
100923,0.8821018736237811,,0.5937299744585406,,0.6682181963334709,,,200851,0.39792495378843523
101581,0.0007452446594910006,,0.7555097623008171,,0.6631996069987256,,,201398,0.6114250492569613
104914,0.9176262751296321,,0.791968280476191,,0.6578637518868372,,,"201880-A,206053",0.7849031179893196
105011,8.423867227758777e-05,,0.39117276429748604,,0.6559440099747551,,,201459-C,0.563686128824792
101792,0.002808728604264043,,0.48919284993929374,,0.652473877758129,,,"204198-D,202427",0.7668207535389227
102999,0.00010139071515581451,,0.6502959768818733,,0.6506761768175457,,,201008,0.7655246750885337
101663,0.46660098364659724,,0.7130218242368093,,0.645916089737514,,,200960,0.723760607573512
105008,0.8929680550200977,,0.8798691443210788,,0.6431185702559634,,,201906-C,0.7613039793162393
101865,0.9052067183100411,,0.8578889941943069,,0.6381594243414725,,,201206,0.8477288187954919
104891,0.879338856284082,,0.49485129763919,,0.6371384667952965,,,"206048-B,206048",0.700513454354656
100962,0.9734835338435944,,0.4745834543879242,,0.6278336651401312,,,"201884,201994",0.5735443832700985
103928,0.957517531921946,,0.877116272960267,,0.6262147435183176,,,200832,0.8821122838619053
101040,0.0007882053332794894,8.076302474250838,0.21654481730088976,4437.629054035433,0.6223662434656733,25508.16554908897,,201263,0.5138843727384728
104060,0.0007172857178556925,,0.7208976472506119,,0.6121699450394795,,,201885,0.6093816107847664
104645,0.9479924773432782,,0.8244359794943282,,0.6120932728727463,,,205385-B,0.804653097508765
103891,0.9314435778631686,,0.732321493724196,,0.6090598029208858,,,"201171-C,201147",0.5533105999813098
103178,0.0003823457672185334,,0.27826985044012265,,0.6034541281078024,,,"206001,201888,200802",0.7028932221760451
101746,0.9602263167657558,,0.8605440822881463,,0.5811390792590679,,,201398,0.2789449215118874
104003,0.9343253157645547,,0.806995656727423,,0.5697940164868606,,,203094,0.5199981986295971
101371,0.7383415364040153,,0.357871857424495,,0.5691246192558495,,,200372-A,0.33749786485444194
101915,0.7400839280640047,,0.5163350863339848,,0.5679141525392625,,,"205715-A,201457-K",0.5510877032268042
101801,0.8182003359746057,,0.18737097382244322,,0.5656402442303929,,,203032-C,0.5562354936337539
101654,0.8591032473768747,,0.8954004838378732,,0.5607853038195433,,,202084,0.7469824830197228
102169,0.9613160588162482,,0.714077530337373,,0.5586415145905933,,,200941-E,0.773147055065876
101923,0.0004907734380724883,,0.4728166144669322,,0.5464035599444472,,,201398,0.1833492786321163
101557,0.000843337881497625,,0.7182203794074681,,0.5440643699112087,,,"200834,201448",0.6508027032701326
101861,0.5303956924482143,11719.727613806042,0.11219730316761908,4958.267387348728,0.5437249129169904,48057.010771064706,,201389,0.46990630233532016
104715,0.9687027820280967,,0.8239409306226951,,0.5399287987648397,,,"201403,204733",0.6094779822687993
104982,0.0007673091349905778,,0.15447100709292122,,0.5390487456305754,,,"201319,201296,200888",0.21186882546975522
101605,0.8415138646200637,,0.871827265606651,,0.5382895016828967,,,"205101-A,205713",0.5131946057193283
101403,0.0004815125318272701,,0.33006996041472786,,0.5353852135963113,,,"201459-P,201206",0.6975033822440407
101810,0.7937125383395207,,0.5250053214804754,,0.5347521766106015,,,201133,0.6194820858716193
102947,0.9590853400454585,,0.6874492251547667,,0.5331313950118884,,,205054,0.7530498255840518
103027,0.9705009029706125,,0.8667033830762167,,0.5288103632934653,,,200954,0.7328231057431704
101580,0.6761102737762058,6805.208324687621,0.3413066874627111,6870.663561493535,0.5143806120953971,20709.44554022957,,201100-D,0.6702329812923006
104731,0.8849077851730806,,0.7401190893205136,,0.5140108398208477,,,200870-B,0.6432108799484288
103778,0.0007295182343821996,,0.5253675950797234,,0.5138983516848706,,,"10000143-D,10000227",0.5784141230931688
101238,0.7424906628609582,13441.901541373347,0.43047568411622833,15586.490312348244,0.4992831597419582,36155.68739225463,,201908,0.6465992460695167
102656,0.6239236595783865,,0.4717167387189344,,0.49762170765538416,,,200369,0.7047022504813866
101901,8.595956646978146e-05,,0.22837344421971853,,0.4888333773569396,,,201397,0.5195750178193032
105058,0.0005591378946263068,,0.7746944397178693,,0.4831662663128428,,,201885,0.3536672645796144
101017,0.7996004659069147,,0.3538237452082176,,0.4759516998939181,,,"201386-C,201386",0.6562194212400413
101529,0.8232245912718723,,0.20252990054618802,,0.4751927440603461,,,"201883,200870,200364,201168",0.67694281604455
101311,0.576359366879894,,0.478331018758467,,0.4720387255271687,,,201397,0.4163190497966047
104072,0.7249063495741108,,0.2528929121212123,,0.45402823400955095,,,"10000088-C,201924",0.1750722111950623
104340,0.7368917134106688,,0.600330943934152,,0.45301698071627033,,,205415-B,0.6189004687011036
101924,0.0026975922779181537,,0.6733457721507199,,0.45253465869598464,,,"200372,200832",0.6104057487474688
103604,0.9704121733918232,,0.8357034824057913,,0.45232859580492385,,,10000090,0.603787484200947
101271,0.6726748881629392,,0.7811866348376069,,0.45070411080776007,,,204641,0.8728846483068293
103965,0.9521549317901181,,0.563729367167218,,0.4417754094759701,,,204412,0.4941264759571563
100984,0.8530496274422261,,0.7704126993870417,,0.4401745942910973,,,"203000-D,201400",0.4311726596288081
101037,0.000504600466885959,,0.37613308657423716,,0.43405251490853153,,,201430,0.5440897241961759
104387,0.0006120255891843338,,0.5337812202903929,,0.4300181048201559,,,205627,0.4058727330879856
104978,0.06254418410983482,,0.26067211266233425,,0.4256770484059099,,,204707,0.5064104529934909
101629,0.9414703553080603,,0.7072784171865333,,0.42140708921951026,,,"201897-E,201885-F",0.3397031525022373
101150,0.28834039220919466,,0.32240964429030156,,0.4160436118731163,,,204554-B,0.6657309819826192
101334,0.00010025929589233418,,0.6318077142184619,,0.41333871596228955,,,"200941,201206,200941-G",0.7590031559414043
100820,0.5741563889820056,,0.2810148704791373,,0.41306832667249094,,,202447-F,0.5263209978579223
100849,0.8427952936075652,,0.6034441062338061,,0.40659730201299205,,,201265,0.6978077404243783
101692,0.8619618652475203,,0.6553518608281801,,0.4056672095215381,,,201192,0.3728302099618172
101015,0.9367245408023632,,0.7177762328717857,,0.40300632758478516,,,200952-A,0.5012544031835929
101749,0.8555246995190073,,0.6587842687024994,,0.40101769631251394,,,201874-L,0.7572384665498681
101043,0.00017075189980330228,15.019836190939278,0.08720601171149416,15341.791362563135,0.3998152247733346,140675.66310317366,,202071,0.5155640100134701
100808,0.9490271362797754,,0.6509249900467995,,0.38593438986706907,,,"200893,201248",0.47238063906697675
101808,0.0006410993206861793,,0.5212423615973064,,0.38579156151031213,,,201430,0.631832354708397
104363,0.0008633641472553741,,0.3423118150168672,,0.3815739028744457,,,201459,0.35611248587386557
100987,0.32672005566848894,,0.15604334008950735,,0.3797296384284474,,,201102,0.2024386498461102
102260,0.0012123467253805163,,0.6125527994362253,,0.3718857812641053,,,"204554-B,201390",0.6259326207732118
101428,0.0011894699512883607,,0.5396280697897721,,0.35235909931264775,,,"201420,201791",0.6443192469872008
100575,0.580197979672507,,0.2586006753855288,,0.34238750708039456,,,"204554,204609-A",0.735648710197514
101350,0.0008648965643976597,,0.7812118089736532,,0.3329131425512824,,,"201193,201129",0.47301751941775694
101516,0.0010246731600461188,,0.4028512730003895,,0.3312155469966434,,,202961,0.723505450583371
101411,0.5783618035762151,,0.4222178787770052,,0.33004008490315956,,,201459-I,0.24813567211235454
100912,0.0029151620915489436,,0.4281423357199898,,0.326628339710282,,,"201789,201791,201790,201792",0.5448764219823559
101965,0.0005531027446179089,14.23381588252407,0.0525353439878231,2703.940347156721,0.3029801120021978,31188.15209123567,,"204235,204609-A,10000361-A,10000361-B",0.6063443548827223
104569,0.0014543210047238395,,0.6801254493958089,,0.30173137554353724,,,204003,0.593555734591876
101546,0.0033142689757615406,,0.38646824185089146,,0.2930138682459056,,,"204541,200906",0.46519468433478867
101906,8.235725514783566e-05,,0.198472424177166,,0.28792620259632645,,,204505,0.4370876601735442
103210,0.0008476779472895262,,0.5767834926454021,,0.2871107506249914,,,"201446,200957",0.4874402844791723
101797,0.9717890444311413,,0.7315616994732351,,0.28661222333825775,,,"203147-E,201941-B",0.5515499873210385
103862,0.5759923360976452,,0.2655381878041137,,0.28552991858038906,,,201389,0.47855639966380253
101333,0.0008700847839482116,,0.40620155678203435,,0.2722301483186592,,,201389,0.20477773920661155
103112,0.6618901547393439,,0.5548294343721265,,0.27180084828187734,,,204217,0.6492021145160422
102483,0.589856097941769,,0.3388283611697666,,0.2700364731787123,,,203089,0.5671352712345484
101087,0.8317024837979812,,0.891393310317186,,0.26674924949108386,,,200870,0.6418696471143671
101597,0.5874202704361032,,0.5423818531047343,,0.24368184513510505,,,"201457,201910",0.7882647417448801
101656,0.7507080359962971,,0.46255423386720895,,0.23959958811426968,,,"201874-A,201416-B",0.37060882736147743
101054,0.9595816388903352,,0.6337278135663339,,0.22287998179637245,,,"202427,201398",0.6922354612966879
101760,0.7437110476031357,,0.649936983468649,,0.22189111440720807,,,"200947,201026",0.5369380959843151
104546,0.0011571824000639085,,0.4507702144211101,,0.2208955710329633,,,201397,0.7868108238079818
100893,0.0005587759514967196,,0.43371746207309475,,0.21087472602065227,,,"10000128-A,10000088-A,206063,201849-A",0.8329980667610384
101057,0.02842959750862787,,0.07426917919642918,,0.20800202632145123,,,"200952,201032-A",0.2419740145346659
104393,0.001013183712056222,,0.3235191868430062,,0.2036610296383338,,,204540,0.5308949118397092
103151,0.9409830438615068,,0.6880392076688581,,0.2006324749056443,,,"201908,201396",0.32614803906672696
101756,0.640670170218009,,0.4177442146303194,,0.18962998581656287,,,"201271-A,202981-E,10000367-A,200828-B",0.33875487659767595
101430,0.0007585155156268769,,0.30016861605867884,,0.18833900634894785,,,"200801,200779",0.5197059179226489
102511,0.09332309437229833,,0.1266824008287853,,0.18115557341178673,,,"10000037-E,205433-C",0.4344901813436202
101888,0.0008322120730498857,,0.03880432927046317,,0.17410185190206834,,,"200391,201135,201139,201793",0.13395561326050054
101787,0.0005890059548201837,,0.42540082467557755,,0.16869050102413488,,,"204373,204554",0.3171395105995374
101041,0.0005175450590548381,25.39603898320724,0.13292442553411046,13045.255997031976,0.15791511193697705,30995.70380297317,,205345-A,0.16308503458554208
101168,0.3448467552063519,,0.17090828682739756,,0.14527695167098328,,,"205368,201834-K",0.2596415179290126
100869,0.0007313631697643296,,0.07869317050623548,,0.1437033449122886,,,"200834,200891,201147",0.2345317502035243
100999,0.006575180306126113,324.4044366741827,0.30785136082076536,30377.371459576047,0.13530255307530265,26702.08053158771,,"204295,202020,203090,205634",0.3148203489277402
101154,0.0008869019675537967,10.26477926226705,0.05136420012838785,1188.9525462549598,0.13239921122079545,6129.4200594827325,,"204374-A,205414-B,200832,200372-A",0.0806591889299746
102940,0.5864731530574604,,0.5532877096297445,,0.12741690753902404,,,10000034-A,0.22055981732461533
101028,0.0005288631401862207,7.075839760455178,0.036073135570853475,965.2694905780671,0.11874225703402944,6354.772111905749,,"201888,204742,202098",0.11158031500910802
101636,0.09684492789375995,,0.10821094140142518,,0.1076089030305469,,,"201821,200832,200873",0.2632234735919999
101314,0.0020494195265694246,,0.19078489581848002,,0.09318890414921689,,,"201446-C,200846,200372",0.24062965448532506
101174,0.0004410627470949981,10.780765192329376,0.04655500799503593,2275.8603533269966,0.08638638231590087,8446.066322277107,,201398,0.14212691288037438
101127,0.12943904807960196,,0.02192789836642456,,0.08608823450863043,,,"201835-E,10000299-C,201834-A",0.11027135961194082
101157,0.33763516436483165,,0.42146668188858594,,0.08041181257552432,,,"10000396,10000058",0.6540014400367231
100877,0.000435087898004182,,0.039232354091052225,,0.07694768604872024,,,"200802,201032",0.0825173666948962
101000,0.9004055750269617,,0.5572348955112533,,0.07654328596483552,,,"200957-F,200372-B",0.23708803621111826
102931,0.46187496228502123,,0.22392259683327947,,0.0699146062924943,,,"201446,200372,201430",0.26726612365970975
101755,0.00014077391894413323,6.740124617859983,0.021628036924424197,2071.06067947356,0.06626426741589499,12690.68655456208,,201827,0.046037461541151244
101530,0.0008319296083324384,,0.20973548478411738,,0.05834567619303761,,,"204604-B,204604",0.2776994700981584
101789,0.0031156390322981337,,0.16981926383264284,,0.057447187223461635,,,"200372-A,200372,201833-C",0.27079323671732236
101638,0.11015481883905717,,0.029307982993219007,,0.05400133608000012,,,204591,0.07258836892705436
101703,0.00022617688498821487,11.181267856848311,0.034662532348819414,3427.15002736919,0.04285638587650861,8474.58359658039,,205592,0.4554594778733192
101500,0.45958856899335704,5176.275173134742,0.1852025153946604,4171.814736555564,0.04215951513460147,1899.3444678628668,,"200870-H,200870-A",0.3681402388622934
101090,0.5782923484676491,,0.01962571475289542,,0.03864261712311619,,,"201246,201247",0.08467289071397639
101498,0.0006041609402834164,24.61130382295601,0.0754539173641087,6147.432450727958,0.03766951365900351,6138.072051396234,,200979,0.05293761840319571
100958,0.6142443264940267,,0.13746935908565522,,0.03628133870773539,,,"202445-A,202445-B,204005-A,202445-M",0.16659866236801973
101665,0.4127509037915965,3318.4317586099764,0.08727321618132043,1403.31715614295,0.03040069340553284,977.6611079850915,,"201296,201319,200888",0.10510413982476831
101335,5.893868988700106e-05,,0.1472509231407071,,0.014738226053610427,,,"200372,200372-A,200420,201138,201430",0.021978553294801
101531,0.0003051805953532995,12.834263076792595,0.0022057844241173954,185.52698317559026,0.012731054935109759,2141.6002297674368,,"204604-F,204604-B,204604-A",0.09024877345448108
103694,0.0010614571227043966,,0.011268011689654902,,0.011009709076929495,,,"200372-A,201430,201791",0.4116050291553154
104782,0.4992244550168013,,0.0658835307400727,,0.00839347128207765,,,"206052,205274-A,201885-AB,201874-B",0.3244439815535171
101295,0.00012214057777496065,3.2247639396145984,0.002848469421473631,150.41097137082835,0.005270454860943427,556.6036477165275,,"202084,202084-A,202084-C",0.20346668392615097
101997,0.0005462549397546909,6.923797742480416,0.002282262047009725,57.855479772616455,0.0051170903269994236,259.43709338396144,,"201459-I,201389-A,205388-A,201941-J",0.1534548125912249
101540,0.0008258188709684151,,0.004803229250943818,,0.004953936606947893,,,"200949,200779,200801,201142",0.14155007897096697
101286,0.0001246663822517438,,0.0011926395773907172,,0.004582217120924705,,,"201453-B,201141,205725,201141-K,201187",0.13577048834694785
101887,0.00013293854912840443,5.856171250572584,0.003315864293270434,292.1390262247337,0.004581129139318828,807.2264045826583,,"201951,120584,202101,201463-K,201463-O",0.36552954990700415
102160,0.0004432579040281667,,0.01095611508059979,,0.004259150838012336,,,"201138,200372-A,200372,200954,200888",0.37730299836819486
100809,0.051053243581456076,,0.01670627102848075,,0.004243749937148875,,,"205370-B,201148-B,201439-A,201166,200873-D",0.4697856802950594
101903,0.00011528690890362898,,0.0049461341215945006,,0.004152651174213997,,,"200420-A,200372,200887,201260,200360",0.4102439521605782
101345,0.00033795964893249604,5.761887655866571,0.004380620282152533,149.37074297775098,0.003831986318628223,261.32675585970543,,"205378-B,10000254-C,206070,204782-A,201466-A",0.16015247495917012
100985,0.00014488325698088804,1.4774349116811538,0.007902422219514038,161.16858106654846,0.0038302536825287727,156.23476802180946,,"201042,201296,200886,201948,200923",0.2040452361703572
101900,0.0004276914945380058,21.607675138195816,0.007243820658662262,731.9393794389184,0.003627908626973489,733.1515547427857,,"205593-A,205593-B,205593,204496,206049",0.10406466112228041
100913,0.0001073549957768958,3.0976977662902376,0.01642777813504527,948.0376998905006,0.0033796140436897905,390.0711950403355,,"201924,201883-B,201897,201897-I,201910",0.38683587400764835
101155,0.0002737892944233398,3.3289390222861326,0.028172713828045235,629.1026086853991,0.003317003144916929,155.12918744770354,,"204598-A,203033-H,205329-B,201993-B,201457",0.04481399350458299
104748,3.190492472369554e-05,,0.001082077703263764,,0.002842615195371618,,,"206050,201885,201230,204773-B,201885-F",0.025192628020205977
101728,0.0006473453997638635,4.399635383217258,0.0040826102764810355,57.04772127236523,0.0025659230677653614,66.31868390662085,,"200372-A,200888,200275,201175,200364",0.03431188159063268
102086,0.0002932178749359205,1.8555986069486403,0.004136694144491815,52.35727114910116,0.0025043803994710713,63.394836096449815,,"201131,201170,201215",0.022145997383735565
104447,0.00010107155288868931,1.233168328294034,0.0028700944946609117,70.03572278986886,0.00229728585607557,112.11622173729428,,"205698-A,205704-A,205698,205700,205701-A",0.710179108359607
101405,0.00011307344416012484,,0.004375753848068546,,0.0022701367126354744,,,"201451-A,200886-A,201791,201430-A,200888-A",0.1589543279450282
101382,7.915218381446681e-05,0.3394401820649685,0.0014806806202050252,12.699649588457785,0.0021163486831887596,36.30342197599609,,"204706-B,204377,205631,201398,201457-C",0.11430306107646891
101476,9.208719602803301e-05,1.0227888909654104,0.005851663492036546,129.98585409204753,0.002056469129951217,91.36270280559371,,"205587,204561,205577,204562,205578",0.21225398199764933
100922,0.00015830807232826503,3.917339890944167,0.00409682008964352,225.5173547311941,0.001993876888712143,221.93390317640672,,"201885,204505-A,204761,201894-K,205715",0.2331622413266316
101858,0.00010956931285724863,6.366437741714399,0.002335943094258955,271.45622966829586,0.001976174701961711,459.296234637577,,"204743,204632,204763,205702-A,205560",0.039967814570871854
100924,0.0006635209772922169,13.625603291090918,0.008319315339195197,406.8535344751711,0.0018380765148702486,166.86746371227784,,"203076,204285-A,202988-C,205274-A,205147",0.254553631737068
101357,0.00011234129183856701,1.2992337512997973,0.010091567636666805,233.41916516187155,0.0018334940813014287,84.81787432739627,,"201885-AM,201885-AN,201885-AP,204458-D,201885-A",0.03632749517717548
100989,0.0003867471103075009,8.420748415556947,0.0014410141724952978,62.75117505176374,0.0017381395226720238,151.3799094185344,,300143,0.058621573695955824
100883,0.001193202352373077,76.80505707743237,0.001630269151296965,209.8770840803546,0.001607629209782098,413.9249406308748,,"205165,205178,204361,205180,206054",0.18600042177187096
101139,7.165742855051334e-05,1.1789301487401598,0.001447949433548593,47.644222674229475,0.0014825136962613762,97.56309305521275,,"204258,205300-A,204777-A,204266,204249",0.05951475978279497
101456,0.0001232155789437757,1.3439100662479266,0.0008349798272323564,18.214219412036513,0.0014810144275617552,64.61358911008702,,"202974-C,202989-F,201897-L,201941,201880-A",0.12661980121952407
101708,0.00010983367597991122,0.3911408829620282,0.002072683937009156,14.76252921501516,0.0014372704747776996,20.473693065235327,,"204430,203149-A,205296,201390,201773",0.3150095422447891
101181,0.00010054571009820336,5.969335742482517,0.002339492144459889,280.84696722048585,0.0011624932547749521,306.79062850163206,,"204720,200890-B,201455,201457,205228-G",0.08962136729587765
100702,0.00012188170670675896,1.2796838097739607,0.001616128092788447,51.82980914908579,0.00111616816120533,64.92249078464131,,"201885,205718,201835-A,205107,201280",0.1075046049488676
101487,0.00019213121946289017,7.010878092294711,0.002711105483190176,197.85675738834607,0.0009570065851036828,139.68487829186142,,"201036,200965,200873-A,201791,201267-A",0.1312678232092251
101690,0.00012143999034334904,9.212703667579662,0.0012125125339553628,183.96771338624634,0.0008278404977611723,251.20717379283016,,"201885,201438-B,200834-B,204430,203094",0.09512124529666266
